"filename", "language", "TypeScript", "SCSS", "Markdown", "JSON with Comments", "JavaScript", "comment", "blank", "total"
"/home/tito/.config/ags/README.md", "Markdown", 0, 0, 10, 0, 0, 0, 6, 16
"/home/tito/.config/ags/colors/colors.scss", "SCSS", 0, 11, 0, 0, 0, 2, 1, 14
"/home/tito/.config/ags/config.js", "JavaScript", 0, 0, 0, 0, 19, 0, 2, 21
"/home/tito/.config/ags/daemons/battery.ts", "TypeScript", 53, 0, 0, 0, 0, 0, 12, 65
"/home/tito/.config/ags/daemons/daemons.ts", "TypeScript", 6, 0, 0, 0, 0, 0, 2, 8
"/home/tito/.config/ags/daemons/media.ts", "TypeScript", 14, 0, 0, 0, 0, 0, 4, 18
"/home/tito/.config/ags/main.ts", "TypeScript", 40, 0, 0, 0, 0, 1, 7, 48
"/home/tito/.config/ags/services/brightness.ts", "TypeScript", 44, 0, 0, 0, 0, 0, 14, 58
"/home/tito/.config/ags/style.scss", "SCSS", 0, 43, 0, 0, 0, 27, 13, 83
"/home/tito/.config/ags/tsconfig.json", "JSON with Comments", 0, 0, 0, 18, 0, 0, 0, 18
"/home/tito/.config/ags/utils/locker.ts", "TypeScript", 15, 0, 0, 0, 0, 0, 5, 20
"/home/tito/.config/ags/utils/utils.ts", "TypeScript", 36, 0, 0, 0, 0, 0, 10, 46
"/home/tito/.config/ags/windows/audio/audio.ts", "TypeScript", 23, 0, 0, 0, 0, 0, 5, 28
"/home/tito/.config/ags/windows/bar/bar.scss", "SCSS", 0, 12, 0, 0, 0, 0, 2, 14
"/home/tito/.config/ags/windows/bar/bar.ts", "TypeScript", 47, 0, 0, 0, 0, 0, 7, 54
"/home/tito/.config/ags/windows/bar/modules/clock/clock.scss", "SCSS", 0, 6, 0, 0, 0, 0, 0, 6
"/home/tito/.config/ags/windows/bar/modules/clock/clock.ts", "TypeScript", 92, 0, 0, 0, 0, 3, 18, 113
"/home/tito/.config/ags/windows/bar/modules/menu/menu.scss", "SCSS", 0, 17, 0, 0, 0, 0, 1, 18
"/home/tito/.config/ags/windows/bar/modules/menu/menu.ts", "TypeScript", 10, 0, 0, 0, 0, 0, 1, 11
"/home/tito/.config/ags/windows/bar/modules/modules.scss", "SCSS", 0, 7, 0, 0, 0, 0, 0, 7
"/home/tito/.config/ags/windows/bar/modules/separator/separator.scss", "SCSS", 0, 4, 0, 0, 0, 0, 0, 4
"/home/tito/.config/ags/windows/bar/modules/separator/separator.ts", "TypeScript", 5, 0, 0, 0, 0, 0, 0, 5
"/home/tito/.config/ags/windows/bar/modules/settings/settings.scss", "SCSS", 0, 21, 0, 0, 0, 0, 3, 24
"/home/tito/.config/ags/windows/bar/modules/settings/settings.ts", "TypeScript", 10, 0, 0, 0, 0, 0, 2, 12
"/home/tito/.config/ags/windows/bar/modules/tray/battery/battery.scss", "SCSS", 0, 18, 0, 0, 0, 0, 4, 22
"/home/tito/.config/ags/windows/bar/modules/tray/battery/battery.ts", "TypeScript", 83, 0, 0, 0, 0, 0, 12, 95
"/home/tito/.config/ags/windows/bar/modules/tray/box/box.scss", "SCSS", 0, 11, 0, 0, 0, 7, 3, 21
"/home/tito/.config/ags/windows/bar/modules/tray/box/box.ts", "TypeScript", 40, 0, 0, 0, 0, 0, 4, 44
"/home/tito/.config/ags/windows/bar/modules/tray/brightness/brightness.scss", "SCSS", 0, 7, 0, 0, 0, 0, 0, 7
"/home/tito/.config/ags/windows/bar/modules/tray/brightness/brightness.ts", "TypeScript", 14, 0, 0, 0, 0, 0, 2, 16
"/home/tito/.config/ags/windows/bar/modules/tray/network/network.scss", "SCSS", 0, 11, 0, 0, 0, 2, 1, 14
"/home/tito/.config/ags/windows/bar/modules/tray/network/network.ts", "TypeScript", 97, 0, 0, 0, 0, 0, 15, 112
"/home/tito/.config/ags/windows/bar/modules/tray/sound/sound.scss", "SCSS", 0, 7, 0, 0, 0, 0, 0, 7
"/home/tito/.config/ags/windows/bar/modules/tray/sound/sound.ts", "TypeScript", 42, 0, 0, 0, 0, 0, 5, 47
"/home/tito/.config/ags/windows/bar/modules/tray/tray.scss", "SCSS", 0, 8, 0, 0, 0, 0, 1, 9
"/home/tito/.config/ags/windows/bar/modules/tray/tray.ts", "TypeScript", 16, 0, 0, 0, 0, 0, 1, 17
"/home/tito/.config/ags/windows/bar/modules/window/window.scss", "SCSS", 0, 19, 0, 0, 0, 0, 4, 23
"/home/tito/.config/ags/windows/bar/modules/window/window.ts", "TypeScript", 45, 0, 0, 0, 0, 1, 11, 57
"/home/tito/.config/ags/windows/bar/modules/workspaces/workspaces.scss", "SCSS", 0, 44, 0, 0, 0, 1, 5, 50
"/home/tito/.config/ags/windows/bar/modules/workspaces/workspaces.ts", "TypeScript", 45, 0, 0, 0, 0, 0, 4, 49
"/home/tito/.config/ags/windows/levels/brightness/brightness.scss", "SCSS", 0, 3, 0, 0, 0, 0, 0, 3
"/home/tito/.config/ags/windows/levels/brightness/brightness.ts", "TypeScript", 9, 0, 0, 0, 0, 0, 1, 10
"/home/tito/.config/ags/windows/levels/level.ts", "TypeScript", 77, 0, 0, 0, 0, 0, 8, 85
"/home/tito/.config/ags/windows/levels/levels.scss", "SCSS", 0, 44, 0, 0, 0, 0, 7, 51
"/home/tito/.config/ags/windows/levels/levels.ts", "TypeScript", 5, 0, 0, 0, 0, 0, 1, 6
"/home/tito/.config/ags/windows/levels/microphone/microphone.scss", "SCSS", 0, 3, 0, 0, 0, 0, 0, 3
"/home/tito/.config/ags/windows/levels/microphone/microphone.ts", "TypeScript", 9, 0, 0, 0, 0, 0, 2, 11
"/home/tito/.config/ags/windows/levels/speaker/speaker.scss", "SCSS", 0, 3, 0, 0, 0, 0, 1, 4
"/home/tito/.config/ags/windows/levels/speaker/speaker.ts", "TypeScript", 17, 0, 0, 0, 0, 0, 4, 21
"/home/tito/.config/ags/windows/notifications/notifications.scss", "SCSS", 0, 51, 0, 0, 0, 0, 9, 60
"/home/tito/.config/ags/windows/notifications/notifications.ts", "TypeScript", 147, 0, 0, 0, 0, 2, 19, 168
"/home/tito/.config/ags/windows/panel/items/help/help.scss", "SCSS", 0, 36, 0, 0, 0, 0, 4, 40
"/home/tito/.config/ags/windows/panel/items/help/help.ts", "TypeScript", 126, 0, 0, 0, 0, 10, 13, 149
"/home/tito/.config/ags/windows/panel/items/home/home.scss", "SCSS", 0, 37, 0, 0, 0, 1, 5, 43
"/home/tito/.config/ags/windows/panel/items/home/home.ts", "TypeScript", 42, 0, 0, 0, 0, 3, 3, 48
"/home/tito/.config/ags/windows/panel/items/items.scss", "SCSS", 0, 4, 0, 0, 0, 0, 0, 4
"/home/tito/.config/ags/windows/panel/items/items.ts", "TypeScript", 8, 0, 0, 0, 0, 0, 2, 10
"/home/tito/.config/ags/windows/panel/items/notifications/notifications.scss", "SCSS", 0, 64, 0, 0, 0, 0, 16, 80
"/home/tito/.config/ags/windows/panel/items/notifications/notifications.ts", "TypeScript", 77, 0, 0, 0, 0, 0, 8, 85
"/home/tito/.config/ags/windows/panel/items/settings/sections/account/account.ts", "TypeScript", 9, 0, 0, 0, 0, 0, 1, 10
"/home/tito/.config/ags/windows/panel/items/settings/sections/customization/background/background.scss", "SCSS", 0, 0, 0, 0, 0, 0, 1, 1
"/home/tito/.config/ags/windows/panel/items/settings/sections/customization/background/background.ts", "TypeScript", 15, 0, 0, 0, 0, 0, 2, 17
"/home/tito/.config/ags/windows/panel/items/settings/sections/customization/customization.ts", "TypeScript", 15, 0, 0, 0, 0, 0, 1, 16
"/home/tito/.config/ags/windows/panel/items/settings/sections/customization/theme/theme.ts", "TypeScript", 10, 0, 0, 0, 0, 0, 1, 11
"/home/tito/.config/ags/windows/panel/items/settings/sections/hour_lang/hour_lang.scss", "SCSS", 0, 0, 0, 0, 0, 3, 0, 3
"/home/tito/.config/ags/windows/panel/items/settings/sections/hour_lang/hour_lang.ts", "TypeScript", 19, 0, 0, 0, 0, 2, 5, 26
"/home/tito/.config/ags/windows/panel/items/settings/sections/input/input.ts", "TypeScript", 6, 0, 0, 0, 0, 0, 1, 7
"/home/tito/.config/ags/windows/panel/items/settings/sections/screen/screen.ts", "TypeScript", 6, 0, 0, 0, 0, 0, 1, 7
"/home/tito/.config/ags/windows/panel/items/settings/settings.scss", "SCSS", 0, 45, 0, 0, 0, 3, 4, 52
"/home/tito/.config/ags/windows/panel/items/settings/settings.ts", "TypeScript", 76, 0, 0, 0, 0, 0, 5, 81
"/home/tito/.config/ags/windows/panel/panel.scss", "SCSS", 0, 42, 0, 0, 0, 0, 9, 51
"/home/tito/.config/ags/windows/panel/panel.ts", "TypeScript", 65, 0, 0, 0, 0, 0, 5, 70
"/home/tito/.config/ags/windows/powermenu/powermenu.scss", "SCSS", 0, 40, 0, 0, 0, 0, 12, 52
"/home/tito/.config/ags/windows/powermenu/powermenu.ts", "TypeScript", 130, 0, 0, 0, 0, 0, 8, 138
"/home/tito/.config/ags/windows/quickmenus/clock/clock.ts", "TypeScript", 38, 0, 0, 0, 0, 3, 4, 45
"/home/tito/.config/ags/windows/quickmenus/power_supply/power_supply.ts", "TypeScript", 6, 0, 0, 0, 0, 0, 1, 7
"/home/tito/.config/ags/windows/quickmenus/quickmenu.ts", "TypeScript", 24, 0, 0, 0, 0, 0, 4, 28
"/home/tito/.config/ags/windows/quickmenus/quickmenus.ts", "TypeScript", 4, 0, 0, 0, 0, 0, 2, 6
"/home/tito/.config/ags/windows/window.ts", "TypeScript", 87, 0, 0, 0, 0, 0, 16, 103
"/home/tito/.config/ags/windows/windows.scss", "SCSS", 0, 5, 0, 0, 0, 0, 0, 5
"Total", "-", 1804, 623, 10, 18, 19, 71, 373, 2918